ID,Value
137351,12358.661151067707
207707,7779.559171271711
242101,509.28368895178636
200104,37962.32333962233
244229,509.28368895178636
152879,6588.488293707132
208379,7584.490937276857
245232,509.28368895178636
244780,509.28368895178636
232008,6069.741735555537
228699,509.28368895178636
224078,509.28368895178636
239826,509.28368895178636
209895,509.28368895178636
235770,509.28368895178636
226045,6069.741735555537
235875,6069.741735555537
245083,509.28368895178636
241570,509.28368895178636
243468,509.28368895178636
232314,509.28368895178636
242404,509.28368895178636
225169,509.28368895178636
237177,509.28368895178636
231682,509.28368895178636
202788,509.28368895178636
243216,509.28368895178636
209193,509.28368895178636
236171,509.28368895178636
244073,509.28368895178636
214085,2361.375852433708
246118,509.28368895178636
244016,509.28368895178636
227982,509.28368895178636
243967,509.28368895178636
220702,4556.149243724767
198134,509.28368895178636
209546,509.28368895178636
237456,2720.807301505562
207916,509.28368895178636
212493,509.28368895178636
184254,509.28368895178636
242766,509.28368895178636
211825,509.28368895178636
146536,13165.544271103832
193794,509.28368895178636
199504,4556.149243724767
157703,2361.375852433708
232164,509.28368895178636
243178,509.28368895178636
173546,10728.423117929528
245265,509.28368895178636
203757,12410.757506095772
201265,509.28368895178636
193495,2361.375852433708
219584,509.28368895178636
244662,509.28368895178636
226002,509.28368895178636
239936,509.28368895178636
246061,509.28368895178636
217332,509.28368895178636
192566,509.28368895178636
172018,7584.490937276857
182670,4390.057318898611
242636,509.28368895178636
232097,13224.221556346185
203888,6563.291355978194
229092,6758.359589973048
241178,509.28368895178636
202131,509.28368895178636
220064,2479.1252487123315
232230,2479.1252487123315
179616,509.28368895178636
225381,509.28368895178636
245356,509.28368895178636
245056,509.28368895178636
209317,509.28368895178636
202654,509.28368895178636
238636,509.28368895178636
242497,509.28368895178636
211434,509.28368895178636
223307,509.28368895178636
243788,509.28368895178636
243862,509.28368895178636
203834,509.28368895178636
207553,2720.807301505562
243644,509.28368895178636
223593,2720.807301505562
227153,2361.375852433708
212457,509.28368895178636
181383,4556.149243724767
171377,509.28368895178636
242987,509.28368895178636
208230,6758.359589973048
198638,509.28368895178636
219949,509.28368895178636
207651,509.28368895178636
224597,509.28368895178636
243946,509.28368895178636
237463,509.28368895178636
229466,509.28368895178636
231089,509.28368895178636
200130,509.28368895178636
189962,509.28368895178636
187659,6000.676581752234
198479,2720.807301505562
233484,509.28368895178636
171620,509.28368895178636
230083,509.28368895178636
193771,509.28368895178636
240082,509.28368895178636
203145,509.28368895178636
204095,509.28368895178636
208831,509.28368895178636
244411,509.28368895178636
185427,2720.807301505562
234393,509.28368895178636
214030,509.28368895178636
213157,509.28368895178636
236264,2479.1252487123315
244746,509.28368895178636
203283,509.28368895178636
227513,509.28368895178636
243231,509.28368895178636
233945,509.28368895178636
212879,2361.375852433708
234587,509.28368895178636
230255,6069.741735555537
183526,6563.291355978194
211245,509.28368895178636
213345,23505.824973752042
189358,18737.124115351082
125586,509.28368895178636
244194,509.28368895178636
169578,509.28368895178636
218745,4556.149243724767
240192,509.28368895178636
205878,4556.149243724767
222970,2361.375852433708
200473,4556.149243724767
172475,2479.1252487123315
215437,2479.1252487123315
102593,509.28368895178636
222148,6195.744815747093
224267,509.28368895178636
219720,509.28368895178636
223740,2479.1252487123315
212540,509.28368895178636
226609,509.28368895178636
239800,509.28368895178636
241582,509.28368895178636
182043,2720.807301505562
234025,509.28368895178636
235077,509.28368895178636
246176,509.28368895178636
236668,509.28368895178636
244202,509.28368895178636
238988,509.28368895178636
230942,509.28368895178636
203849,509.28368895178636
185020,37858.866897549655
239882,509.28368895178636
190243,11831.574023678762
214473,509.28368895178636
244968,509.28368895178636
215752,509.28368895178636
222160,509.28368895178636
224837,509.28368895178636
197391,509.28368895178636
191675,509.28368895178636
245507,509.28368895178636
230621,18945.626958882713
243999,509.28368895178636
240908,509.28368895178636
203915,509.28368895178636
222492,40289.832248648614
244309,509.28368895178636
167497,509.28368895178636
245212,509.28368895178636
223278,2720.807301505562
238270,509.28368895178636
223146,509.28368895178636
242250,509.28368895178636
227656,509.28368895178636
114764,6000.676581752234
237269,509.28368895178636
205855,6758.359589973048
244711,509.28368895178636
222503,509.28368895178636
183425,509.28368895178636
188594,509.28368895178636
204474,509.28368895178636
162131,6588.488293707132
227899,509.28368895178636
192001,509.28368895178636
237097,509.28368895178636
212063,509.28368895178636
226130,509.28368895178636
242907,509.28368895178636
216114,509.28368895178636
199398,509.28368895178636
236470,509.28368895178636
243402,2479.1252487123315
221633,509.28368895178636
237823,509.28368895178636
188616,4390.057318898611
172786,509.28368895178636
152745,509.28368895178636
229105,509.28368895178636
228858,509.28368895178636
208590,509.28368895178636
193442,509.28368895178636
207629,509.28368895178636
199721,509.28368895178636
227840,509.28368895178636
235467,509.28368895178636
170445,509.28368895178636
188978,509.28368895178636
246180,509.28368895178636
241489,509.28368895178636
225845,509.28368895178636
192634,4556.149243724767
244724,509.28368895178636
240220,509.28368895178636
236023,509.28368895178636
203430,509.28368895178636
193470,6758.359589973048
229167,6758.359589973048
241696,509.28368895178636
241245,509.28368895178636
234897,509.28368895178636
239308,509.28368895178636
138086,509.28368895178636
155351,509.28368895178636
172672,2720.807301505562
189833,509.28368895178636
189242,40310.334723585955
230333,2720.807301505562
192937,509.28368895178636
238493,509.28368895178636
242690,509.28368895178636
239250,509.28368895178636
181318,6758.359589973048
227698,509.28368895178636
224257,509.28368895178636
225203,509.28368895178636
237581,509.28368895178636
242658,509.28368895178636
210368,509.28368895178636
203415,509.28368895178636
225738,509.28368895178636
242158,509.28368895178636
223335,509.28368895178636
236198,509.28368895178636
231943,13296.664424176712
241947,509.28368895178636
219657,509.28368895178636
241402,509.28368895178636
189905,509.28368895178636
227678,509.28368895178636
183141,6195.744815747093
241210,509.28368895178636
197786,4556.149243724767
216520,2720.807301505562
203649,509.28368895178636
49939,509.28368895178636
204493,2720.807301505562
229266,509.28368895178636
190589,2479.1252487123315
246162,509.28368895178636
230498,12531.736620354224
246008,509.28368895178636
239134,509.28368895178636
214536,509.28368895178636
191548,509.28368895178636
183829,509.28368895178636
184089,7779.559171271711
217217,2361.375852433708
235410,2720.807301505562
244670,509.28368895178636
243489,509.28368895178636
238642,509.28368895178636
240042,509.28368895178636
242757,509.28368895178636
221369,509.28368895178636
243096,509.28368895178636
244564,509.28368895178636
239875,6069.741735555537
198082,509.28368895178636
211703,6000.676581752234
237435,509.28368895178636
209335,509.28368895178636
45548,509.28368895178636
226025,509.28368895178636
173909,15789.874286433938
221482,509.28368895178636
225757,509.28368895178636
225507,2361.375852433708
211061,4556.149243724767
240603,509.28368895178636
234762,2361.375852433708
233924,509.28368895178636
224018,509.28368895178636
223724,6069.741735555537
232371,509.28368895178636
138719,509.28368895178636
244452,509.28368895178636
245528,509.28368895178636
189707,5874.673501560681
212039,509.28368895178636
199304,13022.749985196608
228584,509.28368895178636
201938,6195.744815747093
233478,6195.744815747093
193030,509.28368895178636
190195,509.28368895178636
204044,509.28368895178636
190060,509.28368895178636
201534,509.28368895178636
235996,509.28368895178636
193278,2720.807301505562
238938,509.28368895178636
244221,509.28368895178636
223143,509.28368895178636
209888,509.28368895178636
180740,509.28368895178636
199039,509.28368895178636
225071,509.28368895178636
224215,509.28368895178636
183512,7779.559171271711
188654,4556.149243724767
139476,509.28368895178636
202331,2720.807301505562
163621,509.28368895178636
209782,6195.744815747093
233051,509.28368895178636
198519,509.28368895178636
190931,6000.676581752234
218548,509.28368895178636
188567,40146.68889859277
227838,509.28368895178636
189730,509.28368895178636
164041,2479.1252487123315
223339,509.28368895178636
243450,509.28368895178636
205481,509.28368895178636
245899,509.28368895178636
230243,2361.375852433708
201457,509.28368895178636
245033,509.28368895178636
206553,6069.741735555537
237543,509.28368895178636
228369,509.28368895178636
234894,509.28368895178636
231863,509.28368895178636
239682,509.28368895178636
175897,2720.807301505562
187702,6758.359589973048
172113,6000.676581752234
192492,7584.490937276857
235582,509.28368895178636
245368,509.28368895178636
210411,13224.955032104815
200841,509.28368895178636
223134,509.28368895178636
244946,509.28368895178636
243271,509.28368895178636
199914,23357.30672728181
191130,509.28368895178636
216453,509.28368895178636
194018,509.28368895178636
230869,2720.807301505562
246419,509.28368895178636
198033,509.28368895178636
234464,509.28368895178636
169568,509.28368895178636
200653,6069.741735555537
243170,509.28368895178636
171970,509.28368895178636
233367,509.28368895178636
202350,6195.744815747093
187154,509.28368895178636
201958,509.28368895178636
230068,509.28368895178636
228386,2720.807301505562
240166,2361.375852433708
238390,509.28368895178636
213354,509.28368895178636
237407,509.28368895178636
203780,2361.375852433708
235735,509.28368895178636
209301,4556.149243724767
215651,4556.149243724767
243155,509.28368895178636
230818,509.28368895178636
239441,2361.375852433708
243300,509.28368895178636
232318,2361.375852433708
246423,509.28368895178636
242302,509.28368895178636
228223,509.28368895178636
200138,2479.1252487123315
244835,509.28368895178636
204396,509.28368895178636
193173,509.28368895178636
179746,6758.359589973048
237155,509.28368895178636
240606,509.28368895178636
214207,4556.149243724767
194017,2720.807301505562
216701,2361.375852433708
203606,509.28368895178636
205943,10744.595736977148
242407,509.28368895178636
204153,509.28368895178636
210304,509.28368895178636
244447,509.28368895178636
246164,509.28368895178636
244255,509.28368895178636
183220,2720.807301505562
232776,509.28368895178636
235370,509.28368895178636
203362,13252.576327461597
244916,509.28368895178636
223987,509.28368895178636
184312,5874.673501560681
208684,509.28368895178636
230283,4390.057318898611
245436,509.28368895178636
216237,509.28368895178636
211241,7779.559171271711
198150,6069.741735555537
222190,509.28368895178636
223578,6758.359589973048
200746,509.28368895178636
214371,509.28368895178636
191910,509.28368895178636
241659,509.28368895178636
241487,509.28368895178636
146974,509.28368895178636
222109,509.28368895178636
234839,509.28368895178636
227890,2479.1252487123315
234505,509.28368895178636
238456,509.28368895178636
245717,509.28368895178636
208096,2361.375852433708
235149,509.28368895178636
224930,509.28368895178636
214096,2479.1252487123315
216860,509.28368895178636
235710,509.28368895178636
212911,6195.744815747093
183513,509.28368895178636
225359,6195.744815747093
192310,2479.1252487123315
193910,2479.1252487123315
244702,509.28368895178636
245127,509.28368895178636
203417,509.28368895178636
222172,509.28368895178636
170369,6195.744815747093
229773,7779.559171271711
212692,14564.752592832732
205347,6069.741735555537
213938,2479.1252487123315
237365,509.28368895178636
140201,509.28368895178636
172823,509.28368895178636
234321,509.28368895178636
239768,509.28368895178636
219451,2361.375852433708
243707,509.28368895178636
216255,509.28368895178636
193172,2479.1252487123315
202151,6195.744815747093
238303,509.28368895178636
215517,509.28368895178636
245523,509.28368895178636
192621,2479.1252487123315
244279,509.28368895178636
193786,6069.741735555537
242835,509.28368895178636
246045,509.28368895178636
231887,6758.359589973048
245599,509.28368895178636
210697,2720.807301505562
231944,509.28368895178636
157305,509.28368895178636
232479,509.28368895178636
235704,509.28368895178636
183546,6758.359589973048
238165,509.28368895178636
199103,4390.057318898611
205603,509.28368895178636
183488,509.28368895178636
214000,2361.375852433708
118359,509.28368895178636
243573,509.28368895178636
217168,2479.1252487123315
204061,2361.375852433708
229534,509.28368895178636
245271,509.28368895178636
194430,509.28368895178636
237659,509.28368895178636
175092,509.28368895178636
244532,509.28368895178636
241310,509.28368895178636
230169,2361.375852433708
211204,2361.375852433708
181343,509.28368895178636
201467,509.28368895178636
224624,509.28368895178636
242670,509.28368895178636
226196,509.28368895178636
214038,509.28368895178636
238985,509.28368895178636
224592,509.28368895178636
242270,509.28368895178636
202088,6758.359589973048
231538,509.28368895178636
208384,509.28368895178636
242348,10685.108442984549
198288,509.28368895178636
49756,4390.057318898611
18122,4390.057318898611
244743,509.28368895178636
217153,509.28368895178636
200989,509.28368895178636
207952,509.28368895178636
234380,509.28368895178636
245037,509.28368895178636
245090,509.28368895178636
235029,2479.1252487123315
216699,509.28368895178636
198648,10439.557207368285
207509,509.28368895178636
243760,509.28368895178636
243996,509.28368895178636
228897,509.28368895178636
229914,509.28368895178636
243929,509.28368895178636
233476,509.28368895178636
215212,2720.807301505562
226656,509.28368895178636
231677,18810.926888619917
189607,2361.375852433708
208156,509.28368895178636
200298,2361.375852433708
241158,509.28368895178636
208451,6069.741735555537
222342,509.28368895178636
169907,509.28368895178636
232876,509.28368895178636
80,12617.416778572393
177522,2479.1252487123315
188657,2361.375852433708
223982,509.28368895178636
213376,509.28368895178636
228799,509.28368895178636
199244,2479.1252487123315
244579,509.28368895178636
237477,509.28368895178636
224163,509.28368895178636
198733,509.28368895178636
206113,23324.39947158601
233932,509.28368895178636
194089,2479.1252487123315
238354,509.28368895178636
219872,509.28368895178636
202325,13175.43268306448
202769,509.28368895178636
110606,509.28368895178636
242773,509.28368895178636
210555,2479.1252487123315
237919,509.28368895178636
201860,6758.359589973048
178566,2361.375852433708
171402,509.28368895178636
190430,2720.807301505562
173040,509.28368895178636
173165,509.28368895178636
162315,509.28368895178636
223557,509.28368895178636
241586,509.28368895178636
207872,2361.375852433708
157707,2361.375852433708
244517,6069.741735555537
240047,509.28368895178636
221434,2720.807301505562
184133,5874.673501560681
220414,6758.359589973048
210489,6195.744815747093
207744,509.28368895178636
233168,509.28368895178636
214418,2361.375852433708
210119,509.28368895178636
210925,509.28368895178636
233170,509.28368895178636
201991,2479.1252487123315
231120,509.28368895178636
214658,509.28368895178636
241433,509.28368895178636
241276,509.28368895178636
224812,509.28368895178636
234196,509.28368895178636
205644,509.28368895178636
229285,509.28368895178636
226679,509.28368895178636
232444,509.28368895178636
219647,509.28368895178636
208869,509.28368895178636
214291,509.28368895178636
238076,509.28368895178636
232396,509.28368895178636
211635,2361.375852433708
223957,509.28368895178636
207968,509.28368895178636
246092,509.28368895178636
230503,6069.741735555537
201013,6758.359589973048
197853,14232.00195538223
230324,6069.741735555537
212040,509.28368895178636
246170,509.28368895178636
241967,509.28368895178636
188795,509.28368895178636
195096,6069.741735555537
196889,18857.86851072961
244948,509.28368895178636
227629,509.28368895178636
227398,509.28368895178636
189208,509.28368895178636
189342,2720.807301505562
239461,509.28368895178636
241296,509.28368895178636
245501,509.28368895178636
244307,509.28368895178636
240472,509.28368895178636
223696,509.28368895178636
226877,4556.149243724767
235002,4556.149243724767
188164,509.28368895178636
245415,509.28368895178636
208114,2479.1252487123315
166736,509.28368895178636
229221,6069.741735555537
215528,509.28368895178636
242739,509.28368895178636
232195,509.28368895178636
202803,509.28368895178636
161943,509.28368895178636
211108,6195.744815747093
230971,509.28368895178636
237779,509.28368895178636
224442,2479.1252487123315
138798,2479.1252487123315
236177,509.28368895178636
226370,6069.741735555537
237045,509.28368895178636
222693,509.28368895178636
206402,509.28368895178636
207471,19653.38898505919
221885,509.28368895178636
184781,2361.375852433708
243677,509.28368895178636
239453,509.28368895178636
192495,2479.1252487123315
186869,509.28368895178636
230758,509.28368895178636
215656,509.28368895178636
225051,509.28368895178636
187511,509.28368895178636
170879,509.28368895178636
236166,509.28368895178636
182362,509.28368895178636
245792,509.28368895178636
187837,509.28368895178636
183743,509.28368895178636
245152,509.28368895178636
181149,509.28368895178636
227591,2361.375852433708
199339,509.28368895178636
230403,509.28368895178636
172077,4390.057318898611
229406,10700.812542806298
152922,4390.057318898611
198348,509.28368895178636
225087,509.28368895178636
170785,509.28368895178636
246400,509.28368895178636
201484,509.28368895178636
197117,6195.744815747093
230485,509.28368895178636
243888,509.28368895178636
223709,509.28368895178636
171816,509.28368895178636
244328,509.28368895178636
177915,509.28368895178636
230453,6563.291355978194
236209,509.28368895178636
225855,509.28368895178636
243645,509.28368895178636
236292,509.28368895178636
230482,5874.673501560681
218736,2361.375852433708
204783,509.28368895178636
201401,509.28368895178636
24630,20222.0555231782
233447,509.28368895178636
192201,509.28368895178636
226677,2361.375852433708
210021,6069.741735555537
230019,509.28368895178636
202482,509.28368895178636
200206,6195.744815747093
208246,509.28368895178636
245542,509.28368895178636
209769,2479.1252487123315
230390,2720.807301505562
240119,509.28368895178636
239479,509.28368895178636
207939,13041.543074460284
243452,509.28368895178636
237324,509.28368895178636
240312,509.28368895178636
234225,509.28368895178636
238806,509.28368895178636
213717,509.28368895178636
230697,509.28368895178636
243945,509.28368895178636
241804,509.28368895178636
230827,509.28368895178636
222775,2479.1252487123315
179551,6195.744815747093
245001,509.28368895178636
242166,509.28368895178636
189067,5874.673501560681
236653,509.28368895178636
245633,509.28368895178636
190981,509.28368895178636
246609,509.28368895178636
238786,509.28368895178636
225151,2720.807301505562
246237,509.28368895178636
203933,509.28368895178636
206297,509.28368895178636
230379,7584.490937276857
208509,4556.149243724767
199780,509.28368895178636
199601,6195.744815747093
177553,6563.291355978194
220075,509.28368895178636
243203,509.28368895178636
231351,509.28368895178636
237277,509.28368895178636
176048,5874.673501560681
244513,509.28368895178636
241051,509.28368895178636
178750,37124.30329569948
240976,6195.744815747093
234688,509.28368895178636
191006,509.28368895178636
199750,2479.1252487123315
212260,2479.1252487123315
143076,37372.26449563517
246309,509.28368895178636
142962,2361.375852433708
237108,509.28368895178636
215135,2720.807301505562
236651,509.28368895178636
242134,509.28368895178636
230789,509.28368895178636
201215,6195.744815747093
243778,509.28368895178636
209887,509.28368895178636
241138,509.28368895178636
241872,509.28368895178636
152747,6563.291355978194
234015,5874.673501560681
53818,509.28368895178636
206115,2720.807301505562
204316,509.28368895178636
200671,2361.375852433708
162144,509.28368895178636
200527,509.28368895178636
229286,509.28368895178636
241613,509.28368895178636
233793,509.28368895178636
242385,509.28368895178636
216820,6758.359589973048
207633,509.28368895178636
239776,509.28368895178636
224553,509.28368895178636
245421,509.28368895178636
244693,509.28368895178636
204638,12331.19932945099
193698,21491.52552645575
243774,509.28368895178636
233315,509.28368895178636
213317,2720.807301505562
227932,2479.1252487123315
243449,509.28368895178636
214611,509.28368895178636
223726,509.28368895178636
234889,2479.1252487123315
221378,2479.1252487123315
177959,509.28368895178636
190160,509.28368895178636
236826,509.28368895178636
211741,2479.1252487123315
243465,509.28368895178636
245631,509.28368895178636
222204,2479.1252487123315
167512,509.28368895178636
231445,509.28368895178636
244851,509.28368895178636
222422,509.28368895178636
215160,2720.807301505562
214641,509.28368895178636
215459,509.28368895178636
192337,509.28368895178636
178233,509.28368895178636
210108,509.28368895178636
206530,509.28368895178636
241568,509.28368895178636
217805,6195.744815747093
223686,509.28368895178636
234679,509.28368895178636
223427,509.28368895178636
243634,509.28368895178636
224507,509.28368895178636
220685,4556.149243724767
221281,509.28368895178636
232562,2479.1252487123315
208589,509.28368895178636
202107,2720.807301505562
205535,509.28368895178636
244122,509.28368895178636
220636,509.28368895178636
242424,509.28368895178636
220185,509.28368895178636
224488,509.28368895178636
234298,509.28368895178636
239513,509.28368895178636
229864,509.28368895178636
203535,7779.559171271711
244324,509.28368895178636
176628,509.28368895178636
200855,509.28368895178636
204399,13134.49317239438
231865,509.28368895178636
230168,18287.54069299666
193602,2361.375852433708
201153,20392.844485389283
163757,509.28368895178636
202477,14431.84871685749
224611,509.28368895178636
219709,2361.375852433708
187225,509.28368895178636
203249,509.28368895178636
222025,509.28368895178636
206536,509.28368895178636
199170,6069.741735555537
176368,509.28368895178636
226179,509.28368895178636
167931,2720.807301505562
194725,509.28368895178636
246234,509.28368895178636
238407,509.28368895178636
243091,509.28368895178636
208614,509.28368895178636
223570,2361.375852433708
232728,509.28368895178636
221582,2361.375852433708
212300,4556.149243724767
237539,509.28368895178636
242321,509.28368895178636
242057,509.28368895178636
222352,6069.741735555537
241025,509.28368895178636
229896,2479.1252487123315
215067,2479.1252487123315
180593,2361.375852433708
184471,509.28368895178636
190614,509.28368895178636
225145,2479.1252487123315
242209,509.28368895178636
222825,4556.149243724767
243539,509.28368895178636
241471,509.28368895178636
242086,509.28368895178636
244318,509.28368895178636
182442,509.28368895178636
229893,509.28368895178636
216269,509.28368895178636
246430,509.28368895178636
223597,7779.559171271711
237765,509.28368895178636
222430,509.28368895178636
215901,6069.741735555537
190491,509.28368895178636
169317,4390.057318898611
163492,5874.673501560681
243795,509.28368895178636
246229,509.28368895178636
240101,509.28368895178636
205460,509.28368895178636
170660,509.28368895178636
234896,509.28368895178636
244286,509.28368895178636
227230,2361.375852433708
182427,509.28368895178636
214988,2720.807301505562
242862,509.28368895178636
235474,509.28368895178636
240900,6195.744815747093
224164,509.28368895178636
203424,509.28368895178636
215321,2720.807301505562
139296,2479.1252487123315
187035,509.28368895178636
214063,509.28368895178636
233382,509.28368895178636
213228,509.28368895178636
181298,509.28368895178636
189780,509.28368895178636
224149,509.28368895178636
238993,509.28368895178636
208894,509.28368895178636
236737,509.28368895178636
209567,509.28368895178636
53739,5874.673501560681
198261,4390.057318898611
221713,509.28368895178636
213718,2479.1252487123315
238196,509.28368895178636
246593,509.28368895178636
199668,509.28368895178636
241252,509.28368895178636
228221,509.28368895178636
242268,509.28368895178636
183129,6758.359589973048
236375,509.28368895178636
234195,509.28368895178636
240584,509.28368895178636
214600,509.28368895178636
192431,509.28368895178636
178448,2479.1252487123315
228692,509.28368895178636
200223,2720.807301505562
222901,509.28368895178636
243311,509.28368895178636
203159,2361.375852433708
213837,509.28368895178636
239909,509.28368895178636
238461,509.28368895178636
146701,7584.490937276857
199021,509.28368895178636
235867,509.28368895178636
211717,509.28368895178636
182206,509.28368895178636
219455,7779.559171271711
219133,509.28368895178636
227236,6069.741735555537
243804,509.28368895178636
239631,509.28368895178636
238734,509.28368895178636
238035,509.28368895178636
245571,509.28368895178636
244018,509.28368895178636
212167,509.28368895178636
230381,6000.676581752234
244116,509.28368895178636
200754,4556.149243724767
205588,509.28368895178636
205388,509.28368895178636
244197,509.28368895178636
193886,14314.783886577243
235205,509.28368895178636
207920,6195.744815747093
229537,2720.807301505562
198062,2361.375852433708
207858,2720.807301505562
232531,509.28368895178636
162198,2479.1252487123315
245464,509.28368895178636
212709,509.28368895178636
204259,10750.046690942163
143121,6563.291355978194
232003,509.28368895178636
178311,12601.524491338352
230975,509.28368895178636
242535,509.28368895178636
233568,509.28368895178636
212338,509.28368895178636
192371,4390.057318898611
165458,509.28368895178636
206086,509.28368895178636
225810,509.28368895178636
241508,509.28368895178636
238794,7766.047258099796
235151,509.28368895178636
190577,6563.291355978194
221130,6195.744815747093
183385,2479.1252487123315
164626,2361.375852433708
226523,509.28368895178636
213922,509.28368895178636
223302,509.28368895178636
178490,509.28368895178636
235126,509.28368895178636
223359,509.28368895178636
232310,6069.741735555537
198164,21261.382940034895
182209,2479.1252487123315
195065,2361.375852433708
183893,4390.057318898611
207897,509.28368895178636
194781,7779.559171271711
236751,509.28368895178636
240955,509.28368895178636
245706,509.28368895178636
211831,509.28368895178636
214333,509.28368895178636
210029,509.28368895178636
222624,509.28368895178636
217696,509.28368895178636
221503,509.28368895178636
244417,509.28368895178636
225995,2720.807301505562
189910,509.28368895178636
230401,5874.673501560681
176585,509.28368895178636
223537,2720.807301505562
189736,509.28368895178636
159175,5874.673501560681
198474,2720.807301505562
210935,10764.923707071193
242064,509.28368895178636
209618,509.28368895178636
245380,509.28368895178636
209637,509.28368895178636
214622,6069.741735555537
222993,2361.375852433708
29118,509.28368895178636
230268,509.28368895178636
235597,509.28368895178636
196948,509.28368895178636
119233,509.28368895178636
202491,2720.807301505562
238557,509.28368895178636
235073,509.28368895178636
230320,5874.673501560681
186646,509.28368895178636
238989,509.28368895178636
232847,509.28368895178636
202106,4556.149243724767
244675,509.28368895178636
198196,2720.807301505562
232637,509.28368895178636
230317,6758.359589973048
207502,509.28368895178636
178287,4556.149243724767
186551,2479.1252487123315
194359,5874.673501560681
230464,2361.375852433708
243865,509.28368895178636
213260,2720.807301505562
235419,509.28368895178636
242312,509.28368895178636
226456,18444.002506767134
162895,21818.260964346657
192165,4390.057318898611
214005,2361.375852433708
232654,509.28368895178636
28157,509.28368895178636
209669,2720.807301505562
183427,14216.297855560484
245252,509.28368895178636
190569,2720.807301505562
236192,509.28368895178636
246139,509.28368895178636
212807,509.28368895178636
222779,509.28368895178636
238580,509.28368895178636
233606,509.28368895178636
186148,12410.757506095772
228209,509.28368895178636
152961,509.28368895178636
239477,509.28368895178636
222830,509.28368895178636
184176,509.28368895178636
212408,4556.149243724767
200676,509.28368895178636
244709,2479.1252487123315
237682,509.28368895178636
234930,6069.741735555537
238378,509.28368895178636
185316,509.28368895178636
207622,509.28368895178636
225356,6195.744815747093
236621,509.28368895178636
167437,509.28368895178636
241486,4524.152656321839
219409,4556.149243724767
188070,2720.807301505562
244231,509.28368895178636
246284,509.28368895178636
235706,2361.375852433708
172937,7584.490937276857
228834,509.28368895178636
246113,509.28368895178636
194063,509.28368895178636
242569,509.28368895178636
239493,509.28368895178636
188996,509.28368895178636
182122,509.28368895178636
202786,509.28368895178636
219436,509.28368895178636
211124,6195.744815747093
159520,2479.1252487123315
200316,21429.20629455602
155946,6588.488293707132
245467,509.28368895178636
240952,509.28368895178636
205999,509.28368895178636
246466,509.28368895178636
239858,509.28368895178636
237385,509.28368895178636
228197,509.28368895178636
239332,509.28368895178636
242458,509.28368895178636
183643,509.28368895178636
201438,2479.1252487123315
208247,509.28368895178636
188305,2361.375852433708
148634,509.28368895178636
224814,509.28368895178636
223819,509.28368895178636
101317,509.28368895178636
230447,509.28368895178636
242926,509.28368895178636
239196,509.28368895178636
243659,509.28368895178636
241102,509.28368895178636
211234,509.28368895178636
220093,6195.744815747093
244175,509.28368895178636
185239,16780.177312395106
202771,509.28368895178636
221595,509.28368895178636
184229,509.28368895178636
241070,2720.807301505562
239301,2720.807301505562
11381,509.28368895178636
212223,2479.1252487123315
200955,509.28368895178636
226550,509.28368895178636
224013,509.28368895178636
224418,509.28368895178636
186586,509.28368895178636
231997,509.28368895178636
241959,509.28368895178636
209990,2720.807301505562
240633,509.28368895178636
183499,509.28368895178636
218066,6758.359589973048
233225,509.28368895178636
208885,509.28368895178636
227146,509.28368895178636
230930,509.28368895178636
220019,509.28368895178636
244219,509.28368895178636
242028,509.28368895178636
183975,6069.741735555537
231520,509.28368895178636
225368,509.28368895178636
228510,509.28368895178636
186950,509.28368895178636
246450,509.28368895178636
169386,5874.673501560681
232665,6758.359589973048
171318,509.28368895178636
244781,509.28368895178636
202858,6069.741735555537
177981,4390.057318898611
239641,6758.359589973048
189035,509.28368895178636
236923,509.28368895178636
208691,509.28368895178636
230193,509.28368895178636
225999,509.28368895178636
222338,509.28368895178636
213620,6069.741735555537
198489,2479.1252487123315
182802,509.28368895178636
245451,509.28368895178636
173178,509.28368895178636
170039,2720.807301505562
243142,509.28368895178636
238620,509.28368895178636
201111,509.28368895178636
225955,509.28368895178636
207887,2479.1252487123315
208386,509.28368895178636
211513,2720.807301505562
232752,509.28368895178636
245030,509.28368895178636
225711,12941.799981607877
212478,4556.149243724767
242608,509.28368895178636
214746,509.28368895178636
204445,509.28368895178636
186905,6758.359589973048
183145,2479.1252487123315
243172,509.28368895178636
244395,509.28368895178636
202970,509.28368895178636
233520,509.28368895178636
190982,509.28368895178636
201303,6195.744815747093
238344,509.28368895178636
182495,10436.586666540734
213969,509.28368895178636
234911,509.28368895178636
205582,509.28368895178636
183640,2361.375852433708
232285,509.28368895178636
241607,509.28368895178636
245874,509.28368895178636
220669,509.28368895178636
242431,509.28368895178636
177159,7584.490937276857
243808,509.28368895178636
222988,2720.807301505562
227796,12923.26603974885
240097,509.28368895178636
230341,2720.807301505562
204922,509.28368895178636
211037,509.28368895178636
228889,509.28368895178636
156975,5874.673501560681
204920,2479.1252487123315
232462,509.28368895178636
238651,509.28368895178636
5479,18287.54069299666
210182,509.28368895178636
211537,509.28368895178636
228942,2479.1252487123315
237187,509.28368895178636
242000,509.28368895178636
245268,509.28368895178636
241956,509.28368895178636
181917,509.28368895178636
173444,509.28368895178636
167669,7584.490937276857
239452,509.28368895178636
176345,2720.807301505562
244821,509.28368895178636
204132,509.28368895178636
246194,509.28368895178636
199245,509.28368895178636
163049,509.28368895178636
226775,509.28368895178636
243554,509.28368895178636
211691,509.28368895178636
205972,509.28368895178636
207950,509.28368895178636
245691,509.28368895178636
211556,4556.149243724767
226584,2720.807301505562
214146,2479.1252487123315
229023,509.28368895178636
246617,509.28368895178636
226544,509.28368895178636
244695,509.28368895178636
232541,509.28368895178636
246253,509.28368895178636
236374,509.28368895178636
189271,13090.05161592841
221580,509.28368895178636
237368,509.28368895178636
200718,509.28368895178636
185118,509.28368895178636
204449,509.28368895178636
235700,509.28368895178636
236379,509.28368895178636
210653,2361.375852433708
201325,11803.21925256335
230457,6195.744815747093
215540,509.28368895178636
205686,2720.807301505562
194122,2361.375852433708
239331,509.28368895178636
176580,40145.55988672486
232673,509.28368895178636
207428,509.28368895178636
170448,509.28368895178636
236677,509.28368895178636
243981,509.28368895178636
213959,509.28368895178636
243088,509.28368895178636
152621,509.28368895178636
191108,509.28368895178636
220882,509.28368895178636
237201,509.28368895178636
245351,509.28368895178636
228381,509.28368895178636
229269,509.28368895178636
216201,17607.222489026666
216266,10750.046690942163
188337,6195.744815747093
223596,509.28368895178636
212622,39903.87231708121
206077,509.28368895178636
208999,509.28368895178636
235288,509.28368895178636
245437,509.28368895178636
115909,7584.490937276857
224093,509.28368895178636
200253,509.28368895178636
219536,6069.741735555537
181483,4390.057318898611
215147,2361.375852433708
238363,509.28368895178636
238072,2361.375852433708
231498,509.28368895178636
223981,509.28368895178636
192560,4556.149243724767
244274,509.28368895178636
202810,509.28368895178636
203256,509.28368895178636
159065,12482.278198649641
223407,509.28368895178636
203793,2720.807301505562
244442,509.28368895178636
243711,509.28368895178636
220912,509.28368895178636
232768,509.28368895178636
220856,509.28368895178636
212991,509.28368895178636
198560,509.28368895178636
240248,509.28368895178636
156903,509.28368895178636
238576,509.28368895178636
192387,40045.517582559296
243664,509.28368895178636
211221,509.28368895178636
45083,4390.057318898611
238831,509.28368895178636
237283,509.28368895178636
224003,2479.1252487123315
188821,509.28368895178636
183823,509.28368895178636
235554,2479.1252487123315
244117,509.28368895178636
244367,509.28368895178636
177782,509.28368895178636
222535,509.28368895178636
242875,509.28368895178636
142998,509.28368895178636
236348,509.28368895178636
243903,5874.673501560681
196983,509.28368895178636
243868,509.28368895178636
193747,39903.87231708121
241993,509.28368895178636
146760,13068.92710527897
244283,509.28368895178636
211953,509.28368895178636
244866,509.28368895178636
191157,509.28368895178636
200458,14232.237119128582
199262,509.28368895178636
207746,2720.807301505562
216799,509.28368895178636
225798,509.28368895178636
191556,509.28368895178636
189117,19741.485233087944
169051,6563.291355978194
208323,509.28368895178636
193532,16904.63814562472
203328,509.28368895178636
228312,4556.149243724767
243964,509.28368895178636
234611,509.28368895178636
215810,509.28368895178636
239458,509.28368895178636
210303,2720.807301505562
242068,509.28368895178636
182003,509.28368895178636
234568,6719.650739072195
230258,19957.853879872095
110376,7584.490937276857
243602,509.28368895178636
189354,13149.651983869791
216437,7779.559171271711
222715,7779.559171271711
212045,509.28368895178636
243246,509.28368895178636
244090,509.28368895178636
202864,509.28368895178636
234991,509.28368895178636
243240,509.28368895178636
192126,509.28368895178636
231821,509.28368895178636
53050,11803.21925256335
226377,10700.812542806298
228646,509.28368895178636
241100,509.28368895178636
199633,7779.559171271711
161754,10423.853107546536
139443,509.28368895178636
200925,509.28368895178636
226803,4556.149243724767
199482,37235.911850419616
190531,6783.556527701986
205295,6563.291355978194
202866,509.28368895178636
192838,4556.149243724767
200429,4556.149243724767
183924,509.28368895178636
118646,509.28368895178636
222514,509.28368895178636
214065,509.28368895178636
209658,22605.10562297154
213991,13267.45334359063
187857,509.28368895178636
210401,509.28368895178636
238780,509.28368895178636
208974,509.28368895178636
227754,509.28368895178636
198194,2479.1252487123315
241183,509.28368895178636
243386,509.28368895178636
211105,509.28368895178636
188381,509.28368895178636
244879,509.28368895178636
173734,509.28368895178636
207523,2361.375852433708
239943,509.28368895178636
243863,2361.375852433708
178393,5874.673501560681
240196,509.28368895178636
210713,509.28368895178636
216620,509.28368895178636
233269,509.28368895178636
209846,6195.744815747093
209440,2720.807301505562
234763,2361.375852433708
184283,509.28368895178636
204120,13480.227749435397
190276,4556.149243724767
201508,13102.278936063429
243619,509.28368895178636
184753,509.28368895178636
155533,2479.1252487123315
244754,509.28368895178636
165109,12850.403471041804
222331,6195.744815747093
201877,2720.807301505562
235072,509.28368895178636
244897,509.28368895178636
246037,509.28368895178636
244515,509.28368895178636
231858,509.28368895178636
220654,509.28368895178636
223396,509.28368895178636
203450,509.28368895178636
199487,6195.744815747093
245475,509.28368895178636
235960,509.28368895178636
235521,509.28368895178636
240081,509.28368895178636
178312,509.28368895178636
240208,509.28368895178636
204277,12998.030955402264
244751,509.28368895178636
181849,509.28368895178636
190971,6563.291355978194
242228,509.28368895178636
246085,509.28368895178636
214661,509.28368895178636
237739,509.28368895178636
243583,509.28368895178636
206485,509.28368895178636
243363,509.28368895178636
200900,509.28368895178636
213011,509.28368895178636
242071,509.28368895178636
223873,509.28368895178636
245487,509.28368895178636
245000,509.28368895178636
233911,509.28368895178636
210016,4556.149243724767
240465,509.28368895178636
235537,509.28368895178636
188336,2361.375852433708
225199,6758.359589973048
215215,2720.807301505562
234472,509.28368895178636
239306,509.28368895178636
177673,2479.1252487123315
243934,509.28368895178636
213449,509.28368895178636
242484,509.28368895178636
210538,6758.359589973048
240916,509.28368895178636
215592,509.28368895178636
220938,2720.807301505562
177604,13098.138185865053
152690,509.28368895178636
211720,509.28368895178636
220126,509.28368895178636
229530,509.28368895178636
232476,509.28368895178636
139597,2361.375852433708
223452,509.28368895178636
211785,509.28368895178636
202539,6069.741735555537
138390,509.28368895178636
188540,2720.807301505562
245471,509.28368895178636
244174,509.28368895178636
224250,509.28368895178636
243909,509.28368895178636
244119,509.28368895178636
192274,6195.744815747093
246454,509.28368895178636
214222,509.28368895178636
179855,509.28368895178636
232549,509.28368895178636
232778,509.28368895178636
201986,509.28368895178636
222628,509.28368895178636
239606,509.28368895178636
240391,509.28368895178636
221174,2720.807301505562
244214,509.28368895178636
240968,509.28368895178636
205447,509.28368895178636
215993,509.28368895178636
121980,509.28368895178636
142707,12617.416778572393
200641,13086.574836241685
245524,509.28368895178636
190871,40296.127486743855
165243,509.28368895178636
193091,6069.741735555537
199747,509.28368895178636
203287,509.28368895178636
232370,509.28368895178636
219492,509.28368895178636
173859,509.28368895178636
241208,509.28368895178636
241160,509.28368895178636
158088,2361.375852433708
228134,509.28368895178636
203668,6195.744815747093
214054,509.28368895178636
220090,2479.1252487123315
157528,2361.375852433708
240026,509.28368895178636
189975,4390.057318898611
183480,509.28368895178636
200818,2720.807301505562
215927,4556.149243724767
230431,10685.108442984549
242715,509.28368895178636
246114,509.28368895178636
210463,6195.744815747093
228783,509.28368895178636
204385,10685.108442984549
244573,509.28368895178636
228304,509.28368895178636
223369,509.28368895178636
224263,2720.807301505562
226405,509.28368895178636
219466,2361.375852433708
158293,2479.1252487123315
241765,509.28368895178636
205393,509.28368895178636
242169,509.28368895178636
243014,509.28368895178636
183827,509.28368895178636
242863,509.28368895178636
244089,509.28368895178636
187782,509.28368895178636
163396,509.28368895178636
243316,509.28368895178636
241144,509.28368895178636
203742,509.28368895178636
242764,509.28368895178636
241832,509.28368895178636
186115,6758.359589973048
176540,509.28368895178636
220819,509.28368895178636
184300,509.28368895178636
231243,509.28368895178636
230994,509.28368895178636
145889,2720.807301505562
245452,509.28368895178636
183781,6069.741735555537
153062,2720.807301505562
222185,509.28368895178636
222350,509.28368895178636
189485,4556.149243724767
199594,2479.1252487123315
201519,13191.6053021121
243702,509.28368895178636
152883,2720.807301505562
52306,2720.807301505562
216396,509.28368895178636
236196,509.28368895178636
224589,509.28368895178636
246305,509.28368895178636
188386,509.28368895178636
190460,40296.127486743855
197376,509.28368895178636
184501,7779.559171271711
184288,509.28368895178636
221772,509.28368895178636
230435,4390.057318898611
234228,509.28368895178636
244529,509.28368895178636
228666,6069.741735555537
211362,509.28368895178636
232901,509.28368895178636
238956,509.28368895178636
225589,509.28368895178636
199393,7584.490937276857
237086,2720.807301505562
237414,509.28368895178636
237420,509.28368895178636
209329,6069.741735555537
170815,13279.548004865721
225539,2361.375852433708
165316,509.28368895178636
205391,6758.359589973048
200914,2361.375852433708
178007,4390.057318898611
137460,4390.057318898611
242933,509.28368895178636
233085,509.28368895178636
233030,509.28368895178636
182461,509.28368895178636
244228,509.28368895178636
192119,40132.48166175066
239424,509.28368895178636
234994,509.28368895178636
237647,509.28368895178636
217606,509.28368895178636
225456,2720.807301505562
215969,509.28368895178636
234942,509.28368895178636
245583,509.28368895178636
245392,509.28368895178636
199762,509.28368895178636
241117,509.28368895178636
239565,509.28368895178636
193658,509.28368895178636
228073,509.28368895178636
242327,509.28368895178636
240363,509.28368895178636
242591,509.28368895178636
200195,509.28368895178636
225880,4556.149243724767
208638,509.28368895178636
240703,509.28368895178636
233164,509.28368895178636
158625,12031.625979638711
242599,509.28368895178636
238043,509.28368895178636
245785,509.28368895178636
238978,509.28368895178636
233961,509.28368895178636
214559,509.28368895178636
211409,509.28368895178636
200107,2361.375852433708
242253,509.28368895178636
229261,7779.559171271711
177804,509.28368895178636
243242,509.28368895178636
211489,4556.149243724767
227815,509.28368895178636
204438,509.28368895178636
143107,509.28368895178636
192365,509.28368895178636
244118,509.28368895178636
203850,509.28368895178636
244238,509.28368895178636
193358,509.28368895178636
229327,509.28368895178636
217994,509.28368895178636
232926,2361.375852433708
202994,509.28368895178636
210802,509.28368895178636
241502,509.28368895178636
229536,509.28368895178636
177571,2479.1252487123315
203544,4556.149243724767
236564,509.28368895178636
219605,509.28368895178636
222173,509.28368895178636
224425,7779.559171271711
190602,509.28368895178636
188377,38023.210247945346
238857,2361.375852433708
192158,509.28368895178636
237040,509.28368895178636
236548,2720.807301505562
229657,509.28368895178636
237683,509.28368895178636
207613,509.28368895178636
240346,509.28368895178636
225361,509.28368895178636
169461,509.28368895178636
233880,509.28368895178636
204946,509.28368895178636
224789,509.28368895178636
242077,509.28368895178636
220140,509.28368895178636
231591,509.28368895178636
244816,509.28368895178636
230531,2479.1252487123315
207616,2720.807301505562
230263,2479.1252487123315
226000,509.28368895178636
197813,6758.359589973048
233451,509.28368895178636
239548,509.28368895178636
223826,509.28368895178636
188791,509.28368895178636
202220,509.28368895178636
136504,509.28368895178636
49369,12915.969538157213
204125,4556.149243724767
138153,509.28368895178636
158375,2720.807301505562
183820,7584.490937276857
213151,509.28368895178636
244939,509.28368895178636
242079,509.28368895178636
219746,509.28368895178636
240884,509.28368895178636
203570,509.28368895178636
231464,509.28368895178636
214862,2361.375852433708
208723,509.28368895178636
225450,509.28368895178636
242196,509.28368895178636
222051,509.28368895178636
202814,509.28368895178636
216145,6758.359589973048
193260,509.28368895178636
230526,509.28368895178636
195396,509.28368895178636
240658,509.28368895178636
186422,509.28368895178636
183898,37915.425802164136
240898,6195.744815747093
205215,509.28368895178636
225680,2479.1252487123315
186567,5874.673501560681
238964,509.28368895178636
207904,509.28368895178636
172290,6563.291355978194
245816,509.28368895178636
232380,509.28368895178636
242923,509.28368895178636
182046,509.28368895178636
177772,509.28368895178636
221587,4556.149243724767
214896,509.28368895178636
211845,509.28368895178636
223695,2720.807301505562
245060,509.28368895178636
219780,509.28368895178636
222485,509.28368895178636
234324,509.28368895178636
137166,509.28368895178636
242401,509.28368895178636
244989,509.28368895178636
183573,509.28368895178636
239981,509.28368895178636
176270,509.28368895178636
183454,509.28368895178636
198330,509.28368895178636
232252,509.28368895178636
242655,509.28368895178636
239181,509.28368895178636
228098,509.28368895178636
183346,6195.744815747093
185394,4390.057318898611
177578,5874.673501560681
243811,509.28368895178636
179884,6000.676581752234
211361,6195.744815747093
221664,509.28368895178636
171994,509.28368895178636
208602,509.28368895178636
207754,509.28368895178636
241963,509.28368895178636
244006,2361.375852433708
229556,2720.807301505562
208250,4556.149243724767
238545,509.28368895178636
200369,509.28368895178636
111503,509.28368895178636
226541,509.28368895178636
201026,509.28368895178636
231556,509.28368895178636
181459,4390.057318898611
229742,509.28368895178636
229643,509.28368895178636
208014,509.28368895178636
235514,509.28368895178636
190995,509.28368895178636
213433,4556.149243724767
239818,12302.84455833558
216746,509.28368895178636
193247,6069.741735555537
208477,509.28368895178636
240665,509.28368895178636
244377,509.28368895178636
229127,509.28368895178636
228517,509.28368895178636
197242,10685.108442984549
234297,509.28368895178636
227127,7779.559171271711
239907,2361.375852433708
188414,7584.490937276857
222104,509.28368895178636
243646,509.28368895178636
245223,509.28368895178636
198129,7779.559171271711
238005,509.28368895178636
199987,20395.26019051749
189713,2361.375852433708
199284,509.28368895178636
178310,509.28368895178636
202243,509.28368895178636
201163,509.28368895178636
54050,12226.074260177838
53302,20556.63679426787
244201,509.28368895178636
198103,509.28368895178636
232879,509.28368895178636
243685,509.28368895178636
167936,4390.057318898611
202263,509.28368895178636
238684,509.28368895178636
233679,509.28368895178636
8205,2361.375852433708
174670,509.28368895178636
231298,509.28368895178636
208505,2479.1252487123315
20699,509.28368895178636
229522,2361.375852433708
233088,509.28368895178636
242315,509.28368895178636
184599,509.28368895178636
245338,509.28368895178636
212960,509.28368895178636
245009,509.28368895178636
177790,2361.375852433708
178713,509.28368895178636
244947,509.28368895178636
203363,509.28368895178636
235481,509.28368895178636
205351,6069.741735555537
229380,509.28368895178636
226127,509.28368895178636
230646,509.28368895178636
187517,7779.559171271711
227921,2361.375852433708
220123,509.28368895178636
242392,509.28368895178636
218214,509.28368895178636
226650,509.28368895178636
216245,509.28368895178636
206518,2720.807301505562
227920,509.28368895178636
197424,509.28368895178636
159578,509.28368895178636
194946,509.28368895178636
243700,509.28368895178636
226390,509.28368895178636
209610,6563.291355978194
241032,509.28368895178636
158902,2361.375852433708
222355,509.28368895178636
243631,509.28368895178636
228777,4556.149243724767
210883,509.28368895178636
230413,509.28368895178636
199683,2361.375852433708
210047,6195.744815747093
199792,4556.149243724767
189462,6069.741735555537
204220,509.28368895178636
179931,509.28368895178636
192906,5874.673501560681
216981,509.28368895178636
186695,2479.1252487123315
221053,509.28368895178636
209572,509.28368895178636
150995,509.28368895178636
239841,2361.375852433708
197083,11803.21925256335
242048,509.28368895178636
186753,509.28368895178636
172287,10439.557207368285
223188,6069.741735555537
227573,509.28368895178636
232291,509.28368895178636
232919,509.28368895178636
190555,2479.1252487123315
192678,13021.358158252659
226521,509.28368895178636
215157,2720.807301505562
242189,509.28368895178636
222647,509.28368895178636
235161,509.28368895178636
238942,509.28368895178636
202493,7779.559171271711
190093,2479.1252487123315
237127,509.28368895178636
189300,2720.807301505562
244602,509.28368895178636
192598,13073.92416494802
205701,2361.375852433708
244491,509.28368895178636
231512,509.28368895178636
201873,509.28368895178636
221890,2361.375852433708
225849,509.28368895178636
235549,509.28368895178636
183524,509.28368895178636
204250,2720.807301505562
165269,509.28368895178636
211265,2720.807301505562
164854,509.28368895178636
232225,509.28368895178636
189868,509.28368895178636
244107,509.28368895178636
192824,2479.1252487123315
232784,509.28368895178636
208457,509.28368895178636
155862,40145.55988672486
225176,509.28368895178636
223030,2361.375852433708
153079,40296.127486743855
241559,509.28368895178636
216076,2479.1252487123315
244647,509.28368895178636
232678,509.28368895178636
225121,509.28368895178636
237139,509.28368895178636
199157,6069.741735555537
207836,509.28368895178636
239952,509.28368895178636
242662,509.28368895178636
233222,509.28368895178636
243230,509.28368895178636
208099,2720.807301505562
242726,509.28368895178636
212644,509.28368895178636
231270,509.28368895178636
205941,509.28368895178636
240990,509.28368895178636
229666,509.28368895178636
209018,509.28368895178636
211017,4556.149243724767
168253,2361.375852433708
239930,509.28368895178636
221611,509.28368895178636
213434,509.28368895178636
201455,19735.616282952058
207580,509.28368895178636
203551,21292.032974295824
218381,509.28368895178636
208122,509.28368895178636
225584,509.28368895178636
237982,509.28368895178636
218633,509.28368895178636
224368,2479.1252487123315
235891,509.28368895178636
242144,509.28368895178636
140029,2479.1252487123315
219561,509.28368895178636
228690,509.28368895178636
16,2479.1252487123315
190456,13204.643763650563
215228,6069.741735555537
162899,509.28368895178636
223953,509.28368895178636
179725,509.28368895178636
238682,509.28368895178636
196151,2479.1252487123315
207824,509.28368895178636
219684,509.28368895178636
244069,509.28368895178636
242200,509.28368895178636
213629,7779.559171271711
209162,509.28368895178636
220609,4556.149243724767
244257,509.28368895178636
245818,509.28368895178636
176009,6000.676581752234
244504,509.28368895178636
229860,509.28368895178636
227526,509.28368895178636
206408,509.28368895178636
243251,509.28368895178636
220128,2361.375852433708
230357,509.28368895178636
233954,509.28368895178636
223868,509.28368895178636
243442,509.28368895178636
235026,509.28368895178636
238360,509.28368895178636
230829,509.28368895178636
192938,2361.375852433708
212204,6195.744815747093
234747,509.28368895178636
226162,2720.807301505562
233067,509.28368895178636
145014,509.28368895178636
211848,509.28368895178636
245363,509.28368895178636
241477,509.28368895178636
240105,509.28368895178636
227682,509.28368895178636
227274,2361.375852433708
241498,509.28368895178636
219693,10685.108442984549
219527,509.28368895178636
207898,509.28368895178636
229818,509.28368895178636
219886,509.28368895178636
214911,509.28368895178636
191202,37742.55874739358
210450,6758.359589973048
233601,6069.741735555537
199578,509.28368895178636
235046,509.28368895178636
239382,509.28368895178636
236788,509.28368895178636
210833,2361.375852433708
241342,509.28368895178636
214421,4556.149243724767
215971,509.28368895178636
188793,509.28368895178636
187265,2361.375852433708
232267,509.28368895178636
138180,509.28368895178636
209371,509.28368895178636
245332,509.28368895178636
240123,509.28368895178636
209423,2361.375852433708
187038,2361.375852433708
238873,509.28368895178636
236342,509.28368895178636
229882,509.28368895178636
184527,509.28368895178636
222273,509.28368895178636
192471,509.28368895178636
190636,4556.149243724767
223823,509.28368895178636
240258,509.28368895178636
238683,509.28368895178636
200087,509.28368895178636
230303,509.28368895178636
243127,509.28368895178636
222129,509.28368895178636
155524,509.28368895178636
206585,21849.298864979773
231711,509.28368895178636
200318,14466.858180785712
245261,2720.807301505562
209413,509.28368895178636
211723,2479.1252487123315
228642,509.28368895178636
233505,509.28368895178636
229900,509.28368895178636
245172,509.28368895178636
239957,509.28368895178636
226601,6758.359589973048
172871,40164.398702514336
241670,2361.375852433708
145758,509.28368895178636
244402,509.28368895178636
237524,509.28368895178636
160309,509.28368895178636
189377,509.28368895178636
246179,509.28368895178636
240650,509.28368895178636
173518,2479.1252487123315
219953,6758.359589973048
230465,6195.744815747093
202841,509.28368895178636
164994,5874.673501560681
220841,509.28368895178636
238103,509.28368895178636
216048,509.28368895178636
233123,509.28368895178636
205498,37997.58844527691
239454,509.28368895178636
194998,509.28368895178636
244170,509.28368895178636
237832,509.28368895178636
203965,7779.559171271711
203736,2720.807301505562
242430,509.28368895178636
240791,509.28368895178636
243881,509.28368895178636
237766,2361.375852433708
243321,509.28368895178636
241014,509.28368895178636
236382,2361.375852433708
236961,509.28368895178636
219985,13609.390294672692
184084,509.28368895178636
181699,509.28368895178636
184845,509.28368895178636
242872,509.28368895178636
237231,509.28368895178636
237361,509.28368895178636
128529,509.28368895178636
234004,509.28368895178636
229845,509.28368895178636
207895,509.28368895178636
213521,509.28368895178636
226844,509.28368895178636
186887,509.28368895178636
225270,509.28368895178636
170923,5874.673501560681
242553,509.28368895178636
237793,509.28368895178636
245603,509.28368895178636
189828,509.28368895178636
228171,509.28368895178636
245540,509.28368895178636
222156,509.28368895178636
164,2361.375852433708
10466,509.28368895178636
220633,6758.359589973048
242391,509.28368895178636
245171,509.28368895178636
242545,509.28368895178636
187939,5874.673501560681
244467,509.28368895178636
238643,509.28368895178636
206208,509.28368895178636
244512,509.28368895178636
230513,4390.057318898611
242767,509.28368895178636
240756,509.28368895178636
188000,2361.375852433708
223125,509.28368895178636
235626,509.28368895178636
207877,18450.961460667848
179891,4390.057318898611
209737,509.28368895178636
209281,2361.375852433708
200888,21132.286511184862
186845,509.28368895178636
193581,2479.1252487123315
242257,509.28368895178636
198350,2479.1252487123315
204320,2479.1252487123315
227746,509.28368895178636
205518,509.28368895178636
201112,509.28368895178636
227686,509.28368895178636
137242,2720.807301505562
241401,509.28368895178636
209781,6000.676581752234
163774,509.28368895178636
205485,509.28368895178636
189160,509.28368895178636
234642,4556.149243724767
142959,6563.291355978194
225355,509.28368895178636
213884,4556.149243724767
244416,509.28368895178636
171897,19906.883686433906
175316,509.28368895178636
241720,2479.1252487123315
200713,2479.1252487123315
209691,2479.1252487123315
235237,509.28368895178636
169593,2479.1252487123315
243746,509.28368895178636
129566,509.28368895178636
196072,509.28368895178636
223438,509.28368895178636
244113,509.28368895178636
232094,509.28368895178636
53855,509.28368895178636
243466,509.28368895178636
226539,4556.149243724767
238877,509.28368895178636
186190,6758.359589973048
244102,509.28368895178636
237753,509.28368895178636
177129,509.28368895178636
238089,509.28368895178636
211792,509.28368895178636
211283,509.28368895178636
227418,509.28368895178636
239860,509.28368895178636
157801,509.28368895178636
156443,2361.375852433708
241356,509.28368895178636
229508,509.28368895178636
172208,2361.375852433708
177645,509.28368895178636
237316,509.28368895178636
230044,509.28368895178636
229118,509.28368895178636
236265,509.28368895178636
183188,4390.057318898611
241115,509.28368895178636
187988,2720.807301505562
165447,509.28368895178636
205988,14216.109668148189
168542,40296.127486743855
230490,509.28368895178636
232698,509.28368895178636
240891,509.28368895178636
182001,6000.676581752234
202750,7779.559171271711
226757,509.28368895178636
230438,509.28368895178636
143632,5874.673501560681
171971,509.28368895178636
229500,509.28368895178636
118794,509.28368895178636
229209,2361.375852433708
201982,6069.741735555537
214719,509.28368895178636
176687,5874.673501560681
214462,4556.149243724767
192242,6195.744815747093
218662,509.28368895178636
186565,509.28368895178636
245522,509.28368895178636
234106,509.28368895178636
124607,6000.676581752234
234239,509.28368895178636
22391,509.28368895178636
229317,509.28368895178636
237875,509.28368895178636
240466,509.28368895178636
216154,509.28368895178636
208371,509.28368895178636
231437,509.28368895178636
237308,509.28368895178636
222464,2479.1252487123315
193147,2479.1252487123315
213400,10809.293599132685
231722,509.28368895178636
211565,509.28368895178636
245256,509.28368895178636
240396,509.28368895178636
241519,509.28368895178636
228044,509.28368895178636
208316,509.28368895178636
218985,509.28368895178636
182763,2720.807301505562
232944,509.28368895178636
241162,2361.375852433708
214703,509.28368895178636
164618,509.28368895178636
234372,509.28368895178636
229599,509.28368895178636
239965,509.28368895178636
216939,6195.744815747093
183533,509.28368895178636
205548,509.28368895178636
245438,509.28368895178636
242512,509.28368895178636
192708,7779.559171271711
235176,2720.807301505562
243156,509.28368895178636
222181,509.28368895178636
203309,509.28368895178636
181976,509.28368895178636
238562,509.28368895178636
206219,509.28368895178636
243590,509.28368895178636
243763,509.28368895178636
225486,509.28368895178636
215270,6195.744815747093
189206,509.28368895178636
186122,509.28368895178636
167452,2479.1252487123315
176996,509.28368895178636
223933,509.28368895178636
228768,509.28368895178636
225436,509.28368895178636
229748,2361.375852433708
114356,509.28368895178636
208808,23107.985456022365
214409,2479.1252487123315
156421,2361.375852433708
186146,7804.756109000649
245616,509.28368895178636
193080,40276.75402367442
238235,509.28368895178636
239972,509.28368895178636
241179,509.28368895178636
221824,509.28368895178636
246325,509.28368895178636
242172,509.28368895178636
244725,509.28368895178636
204289,2479.1252487123315
236001,509.28368895178636
228713,509.28368895178636
204882,509.28368895178636
231691,10601.400162507105
220746,7779.559171271711
209375,509.28368895178636
208306,4556.149243724767
181006,2479.1252487123315
244727,509.28368895178636
164029,12466.385911415598
234710,509.28368895178636
239676,509.28368895178636
237218,509.28368895178636
244690,509.28368895178636
214147,509.28368895178636
207860,509.28368895178636
173434,2479.1252487123315
234492,509.28368895178636
244663,509.28368895178636
234989,509.28368895178636
238449,509.28368895178636
235815,509.28368895178636
188696,2479.1252487123315
242692,509.28368895178636
239367,509.28368895178636
209723,4556.149243724767
242969,509.28368895178636
231701,509.28368895178636
196932,4556.149243724767
165888,509.28368895178636
228624,509.28368895178636
185221,20922.686758841824
189715,4556.149243724767
232670,5874.673501560681
243683,509.28368895178636
168435,18390.050362684404
243800,509.28368895178636
235590,509.28368895178636
219701,509.28368895178636
210320,4556.149243724767
216229,509.28368895178636
202915,509.28368895178636
241962,509.28368895178636
228251,10728.423117929528
236772,509.28368895178636
243315,509.28368895178636
216387,509.28368895178636
165564,509.28368895178636
241332,509.28368895178636
227052,509.28368895178636
213690,509.28368895178636
197300,2479.1252487123315
163201,509.28368895178636
219814,2479.1252487123315
232756,509.28368895178636
244505,509.28368895178636
187013,2720.807301505562
224987,2479.1252487123315
238555,2720.807301505562
204203,509.28368895178636
235334,509.28368895178636
192611,509.28368895178636
245318,509.28368895178636
203292,509.28368895178636
186589,7779.559171271711
237032,509.28368895178636
245773,509.28368895178636
200610,17318.87345160779
220944,509.28368895178636
243747,509.28368895178636
209874,2361.375852433708
203263,19742.072163474808
220901,2361.375852433708
237133,509.28368895178636
224067,509.28368895178636
177922,4390.057318898611
245525,509.28368895178636
227949,509.28368895178636
176773,2361.375852433708
232512,2479.1252487123315
